comm_type,matrix_size,num_procs,nodes,environment,total_time_mean,total_time_std,comm_time_mean,comm_time_std,comp_time_mean,comp_time_std,repetitions
collective,4096,64,2,713325,31.899355,2.047433,14.797582,1.802195,31.529290,2.046292,3
collective,8192,64,2,713325,242.040831,1.365030,109.407537,3.085316,240.678980,1.512853,3
sync,4096,64,2,713325,29.310994,0.029583,13.850459,0.272004,28.751278,0.082663,3
sync,8192,64,2,713325,246.490929,7.551656,115.661377,9.381295,244.920129,7.622513,3
async,4096,64,2,713325,31.900225,2.217894,16.763251,2.278250,31.467784,2.278218,3
async,8192,64,2,713325,265.973651,6.555460,134.935714,8.584063,264.218791,6.709560,3
async_new,4096,64,2,713325,32.576421,0.955904,14.262628,1.061184,32.118958,0.962557,3
async_new,8192,64,2,713325,250.644807,14.199872,103.251724,2.000038,249.262956,14.101824,3
