comm_type,matrix_size,num_procs,nodes,environment,total_time_mean,total_time_std,comm_time_mean,comm_time_std,comp_time_mean,comp_time_std,repetitions
collective,4096,64,3,713326,28.358592,0.117044,12.700491,0.329826,27.972153,0.099904,3
collective,8192,64,3,713326,230.378240,0.414135,100.867422,2.297394,228.972344,0.310287,3
sync,4096,64,3,713326,29.720499,2.230223,14.084785,2.191144,29.111008,2.212178,3
sync,8192,64,3,713326,226.955628,3.079544,99.046197,3.187952,225.454915,3.113463,3
async,4096,64,3,713326,30.714179,1.913289,15.763709,1.505872,30.249643,1.815552,3
async,8192,64,3,713326,240.217705,18.475772,111.326255,16.835546,238.301362,18.137737,3
async_new,4096,64,3,713326,29.258445,1.296525,12.728399,0.558600,28.718075,1.314061,3
async_new,8192,64,3,713326,239.150016,13.527106,105.692490,16.350032,237.500355,14.117323,3
